Componente,Nombre_Componente_Insumo,Cantidad,UM,forecast_talle,consumo_proyectado,Articulo_Padre,talle,Fecha,Ventas
4000318006,"SISTEMA PU TINTA, NEGRO",2.8,G,1688.51,4727.8279999999995,CRONOS-N04,42,2026-09-01,10574.57512019554
4000318002,"SISTEMA PU TINTA, GRIS",12.2,G,1688.51,20599.822,CRONOS-N04,42,2026-09-01,10574.57512019554
4000312004,PUNTERA ACERO 59 NORMAL T10,1.0,PAA,1688.51,1688.51,CRONOS-N04,42,2026-09-01,10574.57512019554
3000021026,PLANT VIS PLANA 4mm VORAN NEGRO T42,1.0,PAA,1688.51,1688.51,CRONOS-N04,42,2026-09-01,10574.57512019554
3000009006,PLANT ARM STROB VORAN H450/3 T42,1.0,PAA,1688.51,1688.51,CRONOS-N04,42,2026-09-01,10574.57512019554
4000315001,"CORDON TRENZ NEGRO, 0,90m",1.0,PAA,1688.51,1688.51,CRONOS-N04,42,2026-09-01,10574.57512019554
3000093,CONJ SISTEMA PU,159.929,G,1688.51,270041.71579,CRONOS-N04,42,2026-09-01,10574.57512019554
3000094,CONJ SISTEMA PU,323.238,G,1688.51,545790.59538,CRONOS-N04,42,2026-09-01,10574.57512019554
2000329009,"CAPELLADA CRONOS, -N, (NA), T. 42",1.0,PAA,1688.51,1688.51,CRONOS-N04,42,2026-09-01,10574.57512019554
4000129,CAJA EMPAQUE BOTIN VORAN ESTUCHE,1.0,UN,1688.51,1688.51,CRONOS-N04,42,2026-09-01,10574.57512019554
