Seccion,Articulo,Metrica,valor_propio,valor_documentado_notebook,delta_relativo,coincide_con_documentado
A.insample,CRONOS-N04,MSE,164668.28853407974,164668.29,8.902262066271315e-09,True
A.insample,CRONOS-N04,RMSE,405.7934062230185,405.79,8.394053620067653e-06,True
A.insample,CRONOS-N04,MAE,328.60781495586616,328.61,6.649353744112772e-06,True
A.insample,CRONOS-N04,R2,0.9725915941774591,0.97,0.0026717465747001373,True
A.outofsample,CRONOS-N04,MSE,15797047.850210331,18901034.84,0.16422312408105527,False
A.outofsample,CRONOS-N04,RMSE,3974.5500185820197,4347.53,0.08579123810945068,False
A.outofsample,CRONOS-N04,MAE,3912.8304945442774,4284.16,0.0866749854010407,False
A.outofsample,CRONOS-N04,R2,-4.573405028879203,-5.67,0.19340299314299766,False
A.baseline,CRONOS-N04,MSE,1987804.0,1987804.0,0.0,True
A.baseline,CRONOS-N04,RMSE,1409.895031553768,1409.9,3.523970659032058e-06,True
A.baseline,CRONOS-N04,MAE,913.8333333333334,913.83,3.647651459604414e-06,True
A.baseline,CRONOS-N04,R2,0.2986767581463846,0.3,0.004410806178717919,True
A.insample,HORIZON-M09,MSE,212069.84882003992,212069.85,5.564016245906758e-09,True
A.insample,HORIZON-M09,RMSE,460.51042205365985,460.51,9.164918456948198e-07,True
A.insample,HORIZON-M09,MAE,365.0046877373092,365.0,1.2843115915648139e-05,True
A.insample,HORIZON-M09,R2,0.592449022744732,0.59,0.0041508860080203755,True
A.outofsample,HORIZON-M09,MSE,595802.1561996951,595802.16,6.378467905861331e-09,True
A.outofsample,HORIZON-M09,RMSE,771.8822165328692,771.88,2.8716029294319014e-06,True
A.outofsample,HORIZON-M09,MAE,687.9040795960764,687.9,5.930507452237839e-06,True
A.outofsample,HORIZON-M09,R2,-2.6168265977622096,-2.62,0.0012112222281643135,True
A.baseline,HORIZON-M09,MSE,130941.25,130941.25,0.0,True
A.baseline,HORIZON-M09,RMSE,361.85805228017244,361.86,5.3825231514106885e-06,True
A.baseline,HORIZON-M09,MAE,230.41666666666666,230.42,1.446633683417369e-05,True
A.baseline,HORIZON-M09,R2,0.20511903017434352,0.21,0.023242713455507012,True
A.insample,TAURO 2-N04,MSE,50521.66775779082,50521.67,4.438113741693462e-08,True
A.insample,TAURO 2-N04,RMSE,224.77025550056845,224.77,1.1367200624763643e-06,True
A.insample,TAURO 2-N04,MAE,172.0147681999839,172.01,2.7720481273845713e-05,True
A.insample,TAURO 2-N04,R2,0.9413745951370694,0.94,0.0014623352522015968,True
A.outofsample,TAURO 2-N04,MSE,2057302.0811711475,1437493.8,0.43117283787321203,False
A.outofsample,TAURO 2-N04,RMSE,1434.3298369521383,1198.96,0.19631166757201096,False
A.outofsample,TAURO 2-N04,MAE,1319.219306405572,1078.38,0.22333435932191986,False
A.outofsample,TAURO 2-N04,R2,-7.341887998863012,-4.83,0.5200596270937912,False
A.baseline,TAURO 2-N04,MSE,173135.08333333334,173135.08,1.9252790109550854e-08,True
A.baseline,TAURO 2-N04,RMSE,416.0950412265608,416.1,1.1917263732822808e-05,True
A.baseline,TAURO 2-N04,MAE,269.75,269.75,0.0,True
A.baseline,TAURO 2-N04,R2,0.29797695386653755,0.3,0.006743487111541454,True
A.promedios,TODOS,R2_promedio_Prophet_oos,-4.844039875168142,-4.37,0.10847594397440316,False
A.promedios,TODOS,R2_promedio_baseline_oos,0.26725758072908856,0.27,0.01015710841078317,True
