Articulo,Modelo,MSE,RMSE,MAE,R2,MAPE,WAPE
CRONOS-N04,Naive estacional,1987804.0,1409.895031553768,913.8333333333334,0.2986767581463846,7.658826152948703,7.603292032698454
CRONOS-N04,Media movil (3),3671892.3703703694,1916.2182470612186,1204.0555555555554,-0.29549163847426785,10.028644568336755,10.01800402606077
CRONOS-N04,SES,2999702.9902099804,1731.9650661055437,1366.818224312338,-0.058334436238204335,11.490472399376547,11.372224820420627
CRONOS-N04,Holt-Winters (ETS),4748530.132439985,2179.112234934214,1941.767631347642,-0.675343518034166,16.454532663921075,16.155928901087663
CRONOS-N04,SARIMA,3255539.1299250373,1804.3112619293372,1447.604961443875,-0.1485967714021732,11.946354741696874,12.044388039220465
CRONOS-N04,Prophet (optimizado),15797047.850210331,3974.5500185820197,3912.8304945442774,-4.573405028879203,32.85366788287523,32.55560050096815
HORIZON-M09,Naive estacional,130941.25,361.85805228017244,230.41666666666666,0.20511903017434352,8.007324456258306,7.951342957381952
HORIZON-M09,Media movil (3),211816.65740740745,460.23543693136827,285.5277777777778,-0.2858364347768856,9.7927618034515,9.85314698721267
HORIZON-M09,SES,207238.36761686218,455.2344095264133,365.4468973380408,-0.2580438527689124,12.328299358272945,12.611039190362023
HORIZON-M09,Holt-Winters (ETS),278783.29222212016,527.9993297553702,447.9557154760517,-0.6923584713962045,16.90810368839515,15.458298112706679
HORIZON-M09,SARIMA,154100.4876478127,392.55634964653507,309.6881334826402,0.06453050454230458,10.789979285312107,10.686885609339397
HORIZON-M09,Prophet (optimizado),595802.1561996951,771.8822165328692,687.9040795960764,-2.6168265977622096,25.116479800699015,23.73856604115982
TAURO 2-N04,Naive estacional,173135.08333333334,416.0950412265608,269.75,0.29797695386653755,7.664002688929027,7.608056972289468
TAURO 2-N04,Media movil (3),319563.66666666657,565.2996255674211,355.0555555555555,-0.2957573611755657,10.024371433452751,10.014023707116051
TAURO 2-N04,SES,377498.92871870165,614.4094145752501,499.842171976959,-0.5306715585829469,13.520857889279823,14.097600450615808
TAURO 2-N04,Holt-Winters (ETS),574681.2378839372,758.0773297520096,557.4915218468128,-1.3302005890874065,15.689175458633015,15.723548692414866
TAURO 2-N04,SARIMA,548756.5208333326,740.7810208376917,621.9861111111104,-1.2250818085166655,16.569514941594505,17.542560775926212
TAURO 2-N04,Prophet (optimizado),2057302.0811711475,1434.3298369521383,1319.219306405572,-7.341887998863012,39.41993165252743,37.207398117063164
