Familia,Vol_norm,Alcance_pct,LeadTime_norm,Score_AHP,Criticidad,Es_Compra_Externa
CONJ SISTEMA PU,100.0,100.0,100.0,100.0,CRÍTICO,True
"SISTEMA PU TINTA, GRIS",2.5380284386352354,100.0,62.5,80.11319438884536,IMPORTANTE,True
PUNTERA ACERO 59 NORMAL,100.0,66.66666666666666,87.5,75.96666666666665,CRÍTICO,True
CAJA EMPAQUE (BOTA/BOTÍN),100.0,66.66666666666666,62.5,68.16666666666666,CRÍTICO,True
"SISTEMA PU TINTA, NEGRO",0.4683625828852925,66.66666666666666,62.5,59.806009123629025,IMPORTANTE,True
PLANTILLA ARM STROB VORAN,100.0,66.66666666666666,5.0,50.22666666666666,CRÍTICO,False
PLANTILLA VIS PLANA VORAN NEGRO,99.92716756057821,66.66666666666666,5.0,50.22054874175523,CRÍTICO,False
PUNTERA ALUMINIO 459 NORMAL,21.235930206038674,33.33333333333333,87.5,49.21715147064058,IMPORTANTE,True
"CORDON TRENZ NEGRO, 0,90m",100.0,66.66666666666666,0.0,48.66666666666666,CRÍTICO,True
"CAPELLADA CRONOS, -N, (NA)",76.32514548109872,33.33333333333333,50.0,42.14464555374562,CRÍTICO,False
INSERTO B/PU UL DELANTERO,21.235930206038674,33.33333333333333,62.5,41.417151470640576,IMPORTANTE,True
INSERTO B/PU UL TRASERO,21.235930206038674,33.33333333333333,62.5,41.417151470640576,IMPORTANTE,True
"SISTEMA PU TINTA, HUESO",0.17760919859414423,33.33333333333333,62.5,39.64825250601524,IMPORTANTE,True
SISTEMA PU ADITIVO FILTRO UV,0.049339835369453265,33.33333333333333,62.5,39.63747787950436,IMPORTANTE,True
"CAPELLADA TAURO 2, -N, (NA)",23.67485451890128,33.33333333333333,50.0,37.722021112921034,IMPORTANTE,False
"CAPELLADA HORIZON, -M, (NA)",21.235930206038674,33.33333333333333,50.0,37.51715147064058,IMPORTANTE,False
PLANTILLA ARM STROB UL,21.235930206038674,33.33333333333333,5.0,23.477151470640578,SECUNDARIO,False
PLANTILLA VIS CONF MA,20.958045652423802,33.33333333333333,5.0,23.453809168136928,SECUNDARIO,True
ETIQ COLG VORAN CALZADO DE SEGURIDAD,23.67485451890128,33.33333333333333,0.0,22.122021112921036,SECUNDARIO,True
PLANTILLA VIS PLANA FUNC MA,0.2778845536148741,33.33333333333333,5.0,21.716675635836978,SECUNDARIO,False
"CORDON TRENZ C/PIN, NAT/MA, 1,20",17.90584930587671,33.33333333333333,0.0,21.637424675026974,SECUNDARIO,True
"CORDON TRENZ C/RFX, MA 501, 1,20m",17.90584930587671,33.33333333333333,0.0,21.637424675026974,SECUNDARIO,True
"CORDON TRENZ C/RFX, MA 501, 1,05m",3.3300809001619633,33.33333333333333,0.0,20.413060128946935,SECUNDARIO,True
"CORDON TRENZ C/PIN, NAT/MA, 1,05",3.3300809001619633,33.33333333333333,0.0,20.413060128946935,SECUNDARIO,True
