Familia,Criticidad,Silhouette_individual
CAJA EMPAQUE (BOTA/BOTÍN),CRÍTICO,0.46511358343243553
"CAPELLADA CRONOS, -N, (NA)",CRÍTICO,-0.03494452104816091
"CAPELLADA HORIZON, -M, (NA)",IMPORTANTE,0.31310454599775356
"CAPELLADA TAURO 2, -N, (NA)",IMPORTANTE,0.3032486854725848
CONJ SISTEMA PU,CRÍTICO,0.2947777919156319
"CORDON TRENZ C/PIN, NAT/MA, 1,05",SECUNDARIO,0.8173033494821844
"CORDON TRENZ C/PIN, NAT/MA, 1,20",SECUNDARIO,0.8699572002559411
"CORDON TRENZ C/RFX, MA 501, 1,05m",SECUNDARIO,0.8173033494821844
"CORDON TRENZ C/RFX, MA 501, 1,20m",SECUNDARIO,0.8699572002559411
"CORDON TRENZ NEGRO, 0,90m",CRÍTICO,0.4228582028500487
ETIQ COLG VORAN CALZADO DE SEGURIDAD,SECUNDARIO,0.8268804753453963
INSERTO B/PU UL DELANTERO,IMPORTANTE,0.49716555528758616
INSERTO B/PU UL TRASERO,IMPORTANTE,0.49716555528758616
PLANTILLA ARM STROB UL,SECUNDARIO,0.8386819721223228
PLANTILLA ARM STROB VORAN,CRÍTICO,0.46073529614439457
PLANTILLA VIS CONF MA,SECUNDARIO,0.8406961922559626
PLANTILLA VIS PLANA FUNC MA,SECUNDARIO,0.7615185132883081
PLANTILLA VIS PLANA VORAN NEGRO,CRÍTICO,0.46043562897596363
PUNTERA ACERO 59 NORMAL,CRÍTICO,0.36142381853751093
PUNTERA ALUMINIO 459 NORMAL,IMPORTANTE,0.4866326832516792
SISTEMA PU ADITIVO FILTRO UV,IMPORTANTE,0.4488128955887191
"SISTEMA PU TINTA, GRIS",IMPORTANTE,0.18964509712125133
"SISTEMA PU TINTA, HUESO",IMPORTANTE,0.4497050895105815
"SISTEMA PU TINTA, NEGRO",IMPORTANTE,0.3295264603740522
