Familia,Criticidad_excel,Criticidad_recalculada,coincide
CONJ SISTEMA PU,CRÍTICO,CRÍTICO,True
PLANTILLA VIS CONF MA,SECUNDARIO,SECUNDARIO,True
INSERTO B/PU UL DELANTERO,IMPORTANTE,IMPORTANTE,True
PUNTERA ALUMINIO 459 NORMAL,IMPORTANTE,IMPORTANTE,True
ETIQ COLG VORAN CALZADO DE SEGURIDAD,SECUNDARIO,SECUNDARIO,True
"CORDON TRENZ NEGRO, 0,90m",CRÍTICO,CRÍTICO,True
"CORDON TRENZ C/PIN, NAT/MA, 1,05",SECUNDARIO,SECUNDARIO,True
SISTEMA PU ADITIVO FILTRO UV,IMPORTANTE,IMPORTANTE,True
"SISTEMA PU TINTA, HUESO",IMPORTANTE,IMPORTANTE,True
"CORDON TRENZ C/PIN, NAT/MA, 1,20",SECUNDARIO,SECUNDARIO,True
"SISTEMA PU TINTA, NEGRO",IMPORTANTE,IMPORTANTE,True
CAJA EMPAQUE (BOTA/BOTÍN),CRÍTICO,CRÍTICO,True
"CORDON TRENZ C/RFX, MA 501, 1,20m",SECUNDARIO,SECUNDARIO,True
"CORDON TRENZ C/RFX, MA 501, 1,05m",SECUNDARIO,SECUNDARIO,True
"SISTEMA PU TINTA, GRIS",IMPORTANTE,IMPORTANTE,True
INSERTO B/PU UL TRASERO,IMPORTANTE,IMPORTANTE,True
PUNTERA ACERO 59 NORMAL,CRÍTICO,CRÍTICO,True
